[
  {
    "city": "Sacramento",
    "state": "CA",
    "slug": "sacramento-ca",
    "marketLabel": "Sacramento, CA",
    "status": "live"
  },
  {
    "city": "Fresno",
    "state": "CA",
    "slug": "fresno-ca",
    "marketLabel": "Fresno, CA",
    "status": "live"
  },
  {
    "city": "Modesto",
    "state": "CA",
    "slug": "modesto-ca",
    "marketLabel": "Modesto, CA",
    "status": "live"
  },
  {
    "city": "Elk Grove",
    "state": "CA",
    "slug": "elk-grove-ca",
    "marketLabel": "Elk Grove, CA",
    "status": "live"
  },
  {
    "city": "Memphis",
    "state": "TN",
    "slug": "memphis-tn",
    "marketLabel": "Memphis, TN",
    "status": "live"
  },
  {
    "city": "Nashville",
    "state": "TN",
    "slug": "nashville-tn",
    "marketLabel": "Nashville, TN",
    "status": "live"
  },
  {
    "city": "Chattanooga",
    "state": "TN",
    "slug": "chattanooga-tn",
    "marketLabel": "Chattanooga, TN",
    "status": "live"
  },
  {
    "city": "Austin",
    "state": "TX",
    "slug": "austin-tx",
    "marketLabel": "Austin, TX",
    "status": "live"
  },
  {
    "city": "Arlington",
    "state": "TX",
    "slug": "arlington-tx",
    "marketLabel": "Arlington, TX",
    "status": "live"
  },
  {
    "city": "Amarillo",
    "state": "TX",
    "slug": "amarillo-tx",
    "marketLabel": "Amarillo, TX",
    "status": "live"
  },
  {
    "city": "Boca Raton",
    "state": "FL",
    "slug": "boca-raton-fl",
    "marketLabel": "Boca Raton, FL",
    "status": "live"
  },
  {
    "city": "Fort Lauderdale",
    "state": "FL",
    "slug": "fort-lauderdale-fl",
    "marketLabel": "Fort Lauderdale, FL",
    "status": "live"
  },
  {
    "city": "Tampa",
    "state": "FL",
    "slug": "tampa-fl",
    "marketLabel": "Tampa, FL",
    "status": "live"
  },
  {
    "city": "Columbus",
    "state": "OH",
    "slug": "columbus-oh",
    "marketLabel": "Columbus, OH",
    "status": "live"
  },
  {
    "city": "Cincinnati",
    "state": "OH",
    "slug": "cincinnati-oh",
    "marketLabel": "Cincinnati, OH",
    "status": "live"
  },
  {
    "city": "Dayton",
    "state": "OH",
    "slug": "dayton-oh",
    "marketLabel": "Dayton, OH",
    "status": "live"
  },
  {
    "city": "Charlotte",
    "state": "NC",
    "slug": "charlotte-nc",
    "marketLabel": "Charlotte, NC",
    "status": "live"
  },
  {
    "city": "Raleigh",
    "state": "NC",
    "slug": "raleigh-nc",
    "marketLabel": "Raleigh, NC",
    "status": "live"
  },
  {
    "city": "Asheville",
    "state": "NC",
    "slug": "asheville-nc",
    "marketLabel": "Asheville, NC",
    "status": "live"
  },
  {
    "city": "Indianapolis",
    "state": "IN",
    "slug": "indianapolis-in",
    "marketLabel": "Indianapolis, IN",
    "status": "live"
  },
  {
    "city": "Fort Wayne",
    "state": "IN",
    "slug": "fort-wayne-in",
    "marketLabel": "Fort Wayne, IN",
    "status": "live"
  },
  {
    "city": "Evansville",
    "state": "IN",
    "slug": "evansville-in",
    "marketLabel": "Evansville, IN",
    "status": "live"
  },
  {
    "city": "Virginia Beach",
    "state": "VA",
    "slug": "virginia-beach-va",
    "marketLabel": "Virginia Beach, VA",
    "status": "live"
  },
  {
    "city": "Fredericksburg",
    "state": "VA",
    "slug": "fredericksburg-va",
    "marketLabel": "Fredericksburg, VA",
    "status": "live"
  },
  {
    "city": "Charlottesville",
    "state": "VA",
    "slug": "charlottesville-va",
    "marketLabel": "Charlottesville, VA",
    "status": "live"
  },
  {
    "city": "Phoenix",
    "state": "AZ",
    "slug": "phoenix-az",
    "marketLabel": "Phoenix, AZ",
    "status": "live"
  },
  {
    "city": "Mesa",
    "state": "AZ",
    "slug": "mesa-az",
    "marketLabel": "Mesa, AZ",
    "status": "live"
  },
  {
    "city": "Chandler",
    "state": "AZ",
    "slug": "chandler-az",
    "marketLabel": "Chandler, AZ",
    "status": "live"
  },
  {
    "city": "Colorado Springs",
    "state": "CO",
    "slug": "colorado-springs-co",
    "marketLabel": "Colorado Springs, CO",
    "status": "live"
  },
  {
    "city": "Fort Collins",
    "state": "CO",
    "slug": "fort-collins-co",
    "marketLabel": "Fort Collins, CO",
    "status": "live"
  },
  {
    "city": "Lakewood",
    "state": "CO",
    "slug": "lakewood-co",
    "marketLabel": "Lakewood, CO",
    "status": "live"
  },
  {
    "city": "Spokane",
    "state": "WA",
    "slug": "spokane-wa",
    "marketLabel": "Spokane, WA",
    "status": "live"
  },
  {
    "city": "Vancouver",
    "state": "WA",
    "slug": "vancouver-wa",
    "marketLabel": "Vancouver, WA",
    "status": "live"
  },
  {
    "city": "Puyallup",
    "state": "WA",
    "slug": "puyallup-wa",
    "marketLabel": "Puyallup, WA",
    "status": "live"
  },
  {
    "city": "Wichita",
    "state": "KS",
    "slug": "wichita-ks",
    "marketLabel": "Wichita, KS",
    "status": "live"
  },
  {
    "city": "Overland Park",
    "state": "KS",
    "slug": "overland-park-ks",
    "marketLabel": "Overland Park, KS",
    "status": "live"
  },
  {
    "city": "Olathe",
    "state": "KS",
    "slug": "olathe-ks",
    "marketLabel": "Olathe, KS",
    "status": "live"
  },
  {
    "city": "Albany",
    "state": "NY",
    "slug": "albany-ny",
    "marketLabel": "Albany, NY",
    "status": "live"
  },
  {
    "city": "Buffalo",
    "state": "NY",
    "slug": "buffalo-ny",
    "marketLabel": "Buffalo, NY",
    "status": "live"
  },
  {
    "city": "Rochester",
    "state": "NY",
    "slug": "rochester-ny",
    "marketLabel": "Rochester, NY",
    "status": "live"
  },
  {
    "city": "Allentown",
    "state": "PA",
    "slug": "allentown-pa",
    "marketLabel": "Allentown, PA",
    "status": "live"
  },
  {
    "city": "Pittsburgh",
    "state": "PA",
    "slug": "pittsburgh-pa",
    "marketLabel": "Pittsburgh, PA",
    "status": "live"
  },
  {
    "city": "Philadelphia",
    "state": "PA",
    "slug": "philadelphia-pa",
    "marketLabel": "Philadelphia, PA",
    "status": "live"
  },
  {
    "city": "Grand Rapids",
    "state": "MI",
    "slug": "grand-rapids-mi",
    "marketLabel": "Grand Rapids, MI",
    "status": "live"
  },
  {
    "city": "Lansing",
    "state": "MI",
    "slug": "lansing-mi",
    "marketLabel": "Lansing, MI",
    "status": "live"
  },
  {
    "city": "Detroit",
    "state": "MI",
    "slug": "detroit-mi",
    "marketLabel": "Detroit, MI",
    "status": "live"
  },
  {
    "city": "Atlanta",
    "state": "GA",
    "slug": "atlanta-ga",
    "marketLabel": "Atlanta, GA",
    "status": "live"
  },
  {
    "city": "Augusta",
    "state": "GA",
    "slug": "augusta-ga",
    "marketLabel": "Augusta, GA",
    "status": "live"
  },
  {
    "city": "Athens",
    "state": "GA",
    "slug": "athens-ga",
    "marketLabel": "Athens, GA",
    "status": "live"
  },
  {
    "city": "Chicago",
    "state": "IL",
    "slug": "chicago-il",
    "marketLabel": "Chicago, IL",
    "status": "live"
  },
  {
    "city": "Champaign",
    "state": "IL",
    "slug": "champaign-il",
    "marketLabel": "Champaign, IL",
    "status": "live"
  },
  {
    "city": "Bloomington",
    "state": "IL",
    "slug": "bloomington-il",
    "marketLabel": "Bloomington, IL",
    "status": "live"
  }
]