[
  {
    "city": "Atlanta",
    "state": "GA",
    "slug": "atlanta-ga",
    "marketLabel": "Atlanta, GA",
    "status": "live",
    "monetization_mode": "DISTRIBUTION_SPONSORED_DIRECTORY"
  },
  {
    "city": "Chicago",
    "state": "IL",
    "slug": "chicago-il",
    "marketLabel": "Chicago, IL",
    "status": "live",
    "monetization_mode": "DISTRIBUTION_SPONSORED_DIRECTORY"
  },
  {
    "city": "Cleveland",
    "state": "OH",
    "slug": "cleveland-oh",
    "marketLabel": "Cleveland, OH",
    "status": "live",
    "monetization_mode": "EDUCATION_ONLY"
  },
  {
    "city": "Columbus",
    "state": "OH",
    "slug": "columbus-oh",
    "marketLabel": "Columbus, OH",
    "status": "live",
    "monetization_mode": "EDUCATION_ONLY"
  },
  {
    "city": "Dallas",
    "state": "TX",
    "slug": "dallas-tx",
    "marketLabel": "Dallas, TX",
    "status": "live",
    "monetization_mode": "DISTRIBUTION_SPONSORED_DIRECTORY"
  },
  {
    "city": "Denver",
    "state": "CO",
    "slug": "denver-co",
    "marketLabel": "Denver, CO",
    "status": "live",
    "monetization_mode": "EDUCATION_ONLY"
  },
  {
    "city": "Detroit",
    "state": "MI",
    "slug": "detroit-mi",
    "marketLabel": "Detroit, MI",
    "status": "live",
    "monetization_mode": "EDUCATION_ONLY"
  },
  {
    "city": "Houston",
    "state": "TX",
    "slug": "houston-tx",
    "marketLabel": "Houston, TX",
    "status": "live",
    "monetization_mode": "DISTRIBUTION_SPONSORED_DIRECTORY"
  },
  {
    "city": "Indianapolis",
    "state": "IN",
    "slug": "indianapolis-in",
    "marketLabel": "Indianapolis, IN",
    "status": "live",
    "monetization_mode": "EDUCATION_ONLY"
  },
  {
    "city": "Kansas City",
    "state": "KS",
    "slug": "kansas-city-ks",
    "marketLabel": "Kansas City, KS",
    "status": "live",
    "monetization_mode": "EDUCATION_ONLY"
  },
  {
    "city": "Miami",
    "state": "FL",
    "slug": "miami-fl",
    "marketLabel": "Miami, FL",
    "status": "live",
    "monetization_mode": "EDUCATION_ONLY"
  },
  {
    "city": "Orlando",
    "state": "FL",
    "slug": "orlando-fl",
    "marketLabel": "Orlando, FL",
    "status": "live",
    "monetization_mode": "DISTRIBUTION_SPONSORED_DIRECTORY"
  },
  {
    "city": "Richmond",
    "state": "VA",
    "slug": "richmond-va",
    "marketLabel": "Richmond, VA",
    "status": "live",
    "monetization_mode": "EDUCATION_ONLY"
  },
  {
    "city": "San Diego",
    "state": "CA",
    "slug": "san-diego-ca",
    "marketLabel": "San Diego, CA",
    "status": "live",
    "monetization_mode": "EDUCATION_ONLY"
  },
  {
    "city": "Seattle",
    "state": "WA",
    "slug": "seattle-wa",
    "marketLabel": "Seattle, WA",
    "status": "live",
    "monetization_mode": "EDUCATION_ONLY"
  },
  {
    "slug": "anchorage-ak",
    "name": "Anchorage",
    "state": "AK",
    "state_name": "Alaska"
  },
  {
    "slug": "birmingham-al",
    "name": "Birmingham",
    "state": "AL",
    "state_name": "Alabama"
  },
  {
    "slug": "little-rock-ar",
    "name": "Little Rock",
    "state": "AR",
    "state_name": "Arkansas"
  },
  {
    "slug": "phoenix-az",
    "name": "Phoenix",
    "state": "AZ",
    "state_name": "Arizona"
  },
  {
    "slug": "los-angeles-ca",
    "name": "Los Angeles",
    "state": "CA",
    "state_name": "California"
  },
  {
    "slug": "sacramento-ca",
    "name": "Sacramento",
    "state": "CA",
    "state_name": "California"
  },
  {
    "slug": "san-francisco-ca",
    "name": "San Francisco",
    "state": "CA",
    "state_name": "California"
  },
  {
    "slug": "hartford-ct",
    "name": "Hartford",
    "state": "CT",
    "state_name": "Connecticut"
  },
  {
    "slug": "wilmington-de",
    "name": "Wilmington",
    "state": "DE",
    "state_name": "Delaware"
  },
  {
    "slug": "tampa-fl",
    "name": "Tampa",
    "state": "FL",
    "state_name": "Florida"
  },
  {
    "slug": "honolulu-hi",
    "name": "Honolulu",
    "state": "HI",
    "state_name": "Hawaii"
  },
  {
    "slug": "des-moines-ia",
    "name": "Des Moines",
    "state": "IA",
    "state_name": "Iowa"
  },
  {
    "slug": "boise-id",
    "name": "Boise",
    "state": "ID",
    "state_name": "Idaho"
  },
  {
    "slug": "louisville-ky",
    "name": "Louisville",
    "state": "KY",
    "state_name": "Kentucky"
  },
  {
    "slug": "new-orleans-la",
    "name": "New Orleans",
    "state": "LA",
    "state_name": "Louisiana"
  },
  {
    "slug": "boston-ma",
    "name": "Boston",
    "state": "MA",
    "state_name": "Massachusetts"
  },
  {
    "slug": "baltimore-md",
    "name": "Baltimore",
    "state": "MD",
    "state_name": "Maryland"
  },
  {
    "slug": "augusta-me",
    "name": "Augusta",
    "state": "ME",
    "state_name": "Maine"
  },
  {
    "slug": "portland-me",
    "name": "Portland",
    "state": "ME",
    "state_name": "Maine"
  },
  {
    "slug": "minneapolis-mn",
    "name": "Minneapolis",
    "state": "MN",
    "state_name": "Minnesota"
  },
  {
    "slug": "st-louis-mo",
    "name": "St. Louis",
    "state": "MO",
    "state_name": "Missouri"
  },
  {
    "slug": "jackson-ms",
    "name": "Jackson",
    "state": "MS",
    "state_name": "Mississippi"
  },
  {
    "slug": "billings-mt",
    "name": "Billings",
    "state": "MT",
    "state_name": "Montana"
  },
  {
    "slug": "charlotte-nc",
    "name": "Charlotte",
    "state": "NC",
    "state_name": "North Carolina"
  },
  {
    "slug": "fargo-nd",
    "name": "Fargo",
    "state": "ND",
    "state_name": "North Dakota"
  },
  {
    "slug": "omaha-ne",
    "name": "Omaha",
    "state": "NE",
    "state_name": "Nebraska"
  },
  {
    "slug": "concord-nh",
    "name": "Concord",
    "state": "NH",
    "state_name": "New Hampshire"
  },
  {
    "slug": "manchester-nh",
    "name": "Manchester",
    "state": "NH",
    "state_name": "New Hampshire"
  },
  {
    "slug": "newark-nj",
    "name": "Newark",
    "state": "NJ",
    "state_name": "New Jersey"
  },
  {
    "slug": "albuquerque-nm",
    "name": "Albuquerque",
    "state": "NM",
    "state_name": "New Mexico"
  },
  {
    "slug": "las-vegas-nv",
    "name": "Las Vegas",
    "state": "NV",
    "state_name": "Nevada"
  },
  {
    "slug": "albany-ny",
    "name": "Albany",
    "state": "NY",
    "state_name": "New York"
  },
  {
    "slug": "new-york-ny",
    "name": "New York",
    "state": "NY",
    "state_name": "New York"
  },
  {
    "slug": "new-york-city-ny",
    "name": "New York City",
    "state": "NY",
    "state_name": "New York"
  },
  {
    "slug": "oklahoma-city-ok",
    "name": "Oklahoma City",
    "state": "OK",
    "state_name": "Oklahoma"
  },
  {
    "slug": "portland-or",
    "name": "Portland",
    "state": "OR",
    "state_name": "Oregon"
  },
  {
    "slug": "philadelphia-pa",
    "name": "Philadelphia",
    "state": "PA",
    "state_name": "Pennsylvania"
  },
  {
    "slug": "providence-ri",
    "name": "Providence",
    "state": "RI",
    "state_name": "Rhode Island"
  },
  {
    "slug": "columbia-sc",
    "name": "Columbia",
    "state": "SC",
    "state_name": "South Carolina"
  },
  {
    "slug": "sioux-falls-sd",
    "name": "Sioux Falls",
    "state": "SD",
    "state_name": "South Dakota"
  },
  {
    "slug": "memphis-tn",
    "name": "Memphis",
    "state": "TN",
    "state_name": "Tennessee"
  },
  {
    "slug": "nashville-tn",
    "name": "Nashville",
    "state": "TN",
    "state_name": "Tennessee"
  },
  {
    "slug": "austin-tx",
    "name": "Austin",
    "state": "TX",
    "state_name": "Texas"
  },
  {
    "slug": "salt-lake-city-ut",
    "name": "Salt Lake City",
    "state": "UT",
    "state_name": "Utah"
  },
  {
    "slug": "burlington-vt",
    "name": "Burlington",
    "state": "VT",
    "state_name": "Vermont"
  },
  {
    "slug": "montpelier-vt",
    "name": "Montpelier",
    "state": "VT",
    "state_name": "Vermont"
  },
  {
    "slug": "milwaukee-wi",
    "name": "Milwaukee",
    "state": "WI",
    "state_name": "Wisconsin"
  },
  {
    "slug": "charleston-wv",
    "name": "Charleston",
    "state": "WV",
    "state_name": "West Virginia"
  },
  {
    "slug": "cheyenne-wy",
    "name": "Cheyenne",
    "state": "WY",
    "state_name": "Wyoming"
  }
]